{
  "name": "pack1",
  "credits": "<a href='http://kde-files.org/content/show.php?content=133477'>Andreas Wüst</a>",
  "license": "<a href='http://www.gnu.org/licenses/lgpl.html'>LGPL</a>",
  "levels": [
  {
    "id": "1",
    "name": "Adiponitrile",
    "atoms": {
      "1": ["1", "h"],
      "2": ["1", "d"],
      "3": ["2", "bdfh"],
      "4": ["2", "bH"],
      "5": ["2", "fE"],
      "6": ["4", "F"],
      "7": ["4", "G"]
    },
    "arena": [
      "#####...#####",
      "#.1.#...#...#",
      "#..######.#2#",
      "#..1#......##",
      "##...3.1#3..#",
      "#2#..#4..#..#",
      "#.....#.2...#",
      "###.5.1#..#3#",
      ".#..#.....###",
      ".#.6.#..#3#..",
      ".###....7##..",
      "...#2..#..#..",
      "...########.."
    ],
    "molecule": [
      "......7",
      "....2.5",
      "...2.3.",
      "..2.3.1",
      ".2.3.1.",
      "..3.1..",
      "64.1..."
    ]
  },
  {
    "id": "2",
    "name": "Guanin",
    "atoms": {
      "1": ["3", "C"],
      "2": ["C", ""],
      "3": ["1", "f"],
      "4": ["4", "fB"],
      "5": ["4", "egb"],
      "6": ["1", "h"],
      "7": ["2", "afB"],
      "8": ["2", "ebD"],
      "9": ["2", "gbC"],
      "a": ["2", "cfA"],
      "b": ["1", "a"],
      "c": ["4", "agd"],
      "d": ["4", "bD"],
      "e": ["1", "c"],
      "f": ["A", ""]
    },
    "arena": [
      ".############..",
      "##1..#2.....#..",
      "#.......#3..#..",
      "##..#4.....##..",
      ".#.....#5...###",
      ".#.#6.....#7..#",
      ".#....#8.....##",
      ".##9.....#a...#",
      ".#...#b.....#c#",
      ".#......#5....#",
      ".#..#d.....#e.#",
      "##.....#a.....#",
      "#..#e.....#f..#",
      "#.....######.##",
      "########...###."
    ],
    "molecule": [
      ".......3",
      "...1.48.",
      "...a9.2.",
      ".e5.afc.",
      "..7d...6",
      "e5......",
      ".b......"
    ]
  },
  {
    "id": "3",
    "name": "Kristall 1",
    "atoms": {
      "1": ["o", "bh"],
      "2": ["o", "ceh"],
      "3": ["o", "ce"],
      "4": ["o", "egb"],
      "5": ["o", "df"],
      "6": ["o", "ac"],
      "7": ["o", "fh"],
      "8": ["o", "acf"],
      "9": ["o", "bdfh"],
      "a": ["o", "eg"],
      "b": ["o", "agd"],
      "c": ["o", "ag"],
      "d": ["o", "bd"]
    },
    "arena": [
      ".....#.....",
      "....###....",
      "..###1###..",
      "..#22344#..",
      ".##5...6##.",
      "##78.9.2a##",
      ".##b...8##.",
      "..#8cb4b#..",
      "..###d###..",
      "....###....",
      ".....#....."
    ],
    "molecule": [
      "...5...",
      ".34.2a.",
      ".8b.8b.",
      "d..9..7",
      ".24.24.",
      ".6b.8c.",
      "...1..."
    ]
  },
  {
    "id": "4",
    "name": "Prolin",
    "atoms": {
      "1": ["1", "g"],
      "2": ["2", "acfh"],
      "3": ["1", "a"],
      "4": ["3", "C"],
      "5": ["2", "gbd"],
      "6": ["2", "cfA"],
      "7": ["2", "aceg"],
      "8": ["1", "e"],
      "9": ["1", "d"],
      "a": ["1", "b"],
      "b": ["4", "cfh"],
      "c": ["3", "eb"],
      "d": ["C", ""]
    },
    "arena": [
      "#############",
      "#1.#.1.2.#.3#",
      "##...#.#...##",
      "#.....#.....#",
      "#4.#5...6#.7#",
      "#...#...#...#",
      "##...#8#...##",
      "#...#...#...#",
      "#9.#a...b#.c#",
      "#.....#.....#",
      "##...#.#...##",
      "#7.#.d.3.#.8#",
      "#############"
    ],
    "molecule": [
      "..988.",
      ".4.271",
      ".65.d.",
      "c..b71",
      "3.a.3."
    ]
  },
  {
    "id": "5",
    "name": "Methionin",
    "atoms": {
      "1": ["1", "a"],
      "2": ["4", "ceh"],
      "3": ["3", "D"],
      "4": ["2", "agdh"],
      "5": ["1", "e"],
      "6": ["2", "aeB"],
      "7": ["1", "g"],
      "8": ["1", "c"],
      "9": ["5", "dh"],
      "a": ["1", "d"],
      "b": ["3", "ae"]
    },
    "arena": [
      "...##.....##...",
      "..#..#...#..#..",
      ".#.1..#.#..2.#.",
      "#.3#...#...#4.#",
      "#...#5.5.6#...#",
      ".#..4.....7..#.",
      "..#.........#..",
      "...#8..#..5#...",
      "..#.........#..",
      ".#..8.....5..#.",
      "#...#9.4.8#...#",
      "#.8#...#...#a.#",
      ".#.4..#.#..b.#.",
      "..#..#...#..#..",
      "...##.....##..."
    ],
    "molecule": [
      "a5......",
      "84......",
      "..95.5..",
      "..845b..",
      "...8463.",
      "....84..",
      "......27",
      "......1."
    ]
  },
  {
    "id": "6",
    "name": "Theobromin",
    "atoms": {
      "1": ["4", "ebh"],
      "2": ["1", "e"],
      "3": ["1", "g"],
      "4": ["3", "C"],
      "5": ["2", "aedf"],
      "6": ["1", "b"],
      "7": ["C", ""],
      "8": ["1", "h"],
      "9": ["2", "chC"],
      "a": ["1", "a"],
      "b": ["A", ""],
      "c": ["1", "f"],
      "d": ["2", "dfA"],
      "e": ["3", "B"],
      "f": ["1", "d"],
      "g": ["4", "hB"],
      "h": ["2", "acbf"],
      "i": ["2", "adD"],
      "j": ["4", "egb"]
    },
    "arena": [
      "#####...#####",
      "#.1.#####.2.#",
      "#3...4#.....#",
      "#...#.56#1..#",
      "##.#7....#.##",
      ".#...8....9#.",
      ".##...#.a.##.",
      ".#bc..d..e.#.",
      "##.#f...d#8##",
      "#...#.g.#...#",
      "#h..i.#....i#",
      "#...#####.j.#",
      "#####...#####"
    ],
    "molecule": [
      "..4...2c",
      "f.d...h3",
      ".1.9bj..",
      "ei.d.7..",
      "..1.gi..",
      "..5...8.",
      ".6a8...."
    ]
  },
  {
    "id": "7",
    "name": "Adipinsäurediamid",
    "atoms": {
      "1": ["2", "acfh"],
      "2": ["2", "aeB"],
      "3": ["1", "g"],
      "4": ["2", "cebh"],
      "5": ["3", "B"],
      "6": ["1", "d"],
      "7": ["1", "f"],
      "8": ["1", "e"],
      "9": ["1", "c"],
      "a": ["2", "egbh"],
      "b": ["2", "aeD"],
      "c": ["3", "D"],
      "d": ["1", "a"],
      "e": ["4", "ace"],
      "f": ["4", "aeg"],
      "g": ["2", "agbd"]
    },
    "arena": [
      "....#####....",
      "...#...1.#...",
      "..#2.###.3#..",
      ".#.4.5.....#.",
      "#.6#.#7.#86.#",
      "#.#.9.7.a.#.#",
      "#b#...#...#3#",
      "#.#c...d..#.#",
      "#...#e.#.#f.#",
      ".#d...8....#.",
      "..#..###..#..",
      "...#.9.g.#...",
      "....#####...."
    ],
    "molecule": [
      ".6887.",
      "6.1g.7",
      "9a..43",
      "5b..2c",
      "9f..e3",
      ".d..d."
    ]
  },
  {
    "id": "8",
    "name": "Leucin",
    "atoms": {
      "1": ["1", "d"],
      "2": ["2", "bdfh"],
      "3": ["1", "c"],
      "4": ["1", "h"],
      "5": ["2", "agdh"],
      "6": ["4", "agd"],
      "7": ["1", "f"],
      "8": ["1", "g"],
      "9": ["3", "B"],
      "a": ["1", "e"],
      "b": ["2", "ebD"],
      "c": ["1", "a"],
      "d": ["3", "ad"],
      "e": ["2", "cedh"]
    },
    "arena": [
      "...###.###...",
      "..#1#2#1.3#..",
      ".#..#......#.",
      "#4.#5#...#.6#",
      "#........7###",
      "#4....2..#.8#",
      ".#....#....#.",
      "#9.#..a....4#",
      "###b........#",
      "#3.#...#c#.2#",
      ".#......#..#.",
      "..#4.d#a#e#..",
      "...###.###..."
    ],
    "molecule": [
      "..1a...",
      "..35.7.",
      ".a1.2..",
      "36.2.e8",
      "..2.4c4",
      "9b.4...",
      ".d.....",
      "..4...."
    ]
  },
  {
    "id": "9",
    "name": "Kristall 2",
    "atoms": {
      "1": ["o", "h"],
      "2": ["o", "a"],
      "3": ["o", "acegbdfh"],
      "4": ["o", "f"],
      "5": ["o", "c"],
      "6": ["o", "g"],
      "7": ["o", "d"],
      "8": ["o", "b"],
      "9": ["o", "dh"],
      "a": ["o", "e"]
    },
    "arena": [
      "##.....##",
      "#########",
      ".#1.23.#.",
      ".#.45#6#.",
      ".#75428#.",
      ".#9#6a.#.",
      ".#3a8..#.",
      "#########",
      "##.....##"
    ],
    "molecule": [
      "7a4..",
      "536..",
      "829a4",
      "..536",
      "..821"
    ]
  },
  {
    "id": "10",
    "name": "Phenylalanin",
    "atoms": {
      "1": ["1", "c"],
      "2": ["3", "cg"],
      "3": ["1", "e"],
      "4": ["1", "f"],
      "5": ["3", "C"],
      "6": ["1", "g"],
      "7": ["1", "a"],
      "8": ["1", "h"],
      "9": ["1", "b"],
      "a": ["2", "agbd"],
      "b": ["2", "ebD"],
      "c": ["2", "gdA"],
      "d": ["2", "acC"],
      "e": ["2", "cfA"],
      "f": ["2", "agC"],
      "g": ["2", "ehB"],
      "h": ["2", "aceg"],
      "i": ["4", "aef"],
      "j": ["2", "cegA"]
    },
    "arena": [
      "....#####....",
      "###.#.#.#.###",
      "#1###...###2#",
      "#34#.....#.5#",
      "#146........#",
      "#7#83.....#.#",
      "##99..#...a##",
      "#.#7.....b#c#",
      "#........def#",
      "#..#.....#gh#",
      "#i###...###j#",
      "###.#.#.#.###",
      "....#####...."
    ],
    "molecule": [
      "..5334..",
      "12jha..4",
      "..i7.gb.",
      ".97.1fd6",
      ".....ec.",
      "....9..8"
    ]
  },
  {
    "id": "11",
    "name": "Fruktose",
    "atoms": {
      "1": ["1", "h"],
      "2": ["2", "aceg"],
      "3": ["1", "c"],
      "4": ["3", "A"],
      "5": ["1", "f"],
      "6": ["3", "af"],
      "7": ["3", "eh"],
      "8": ["2", "aced"],
      "9": ["1", "g"],
      "a": ["2", "agbd"],
      "b": ["3", "gd"],
      "c": ["2", "acgh"],
      "d": ["1", "e"],
      "e": ["1", "b"],
      "f": ["3", "cf"],
      "g": ["2", "cebh"],
      "h": ["1", "d"],
      "i": ["2", "cgC"]
    },
    "arena": [
      "......#####....",
      "..#####..1##...",
      "..#.##2....###.",
      "###.3#..4#5..#.",
      "#.6..78..##..##",
      "##......9.a.###",
      "###b.c..9...#d#",
      "#.9.....##e...#",
      "#...f#.9.#.g..#",
      "###.##.....##.#",
      "#f#....#h...#e#",
      "#...##.##..####",
      "#####.i...3#...",
      "...#....####...",
      "...######......"
    ],
    "molecule": [
      "...h....",
      "3bd.75..",
      ".3cia.f9",
      "...4.g9.",
      "....f29.",
      "...e.89.",
      ".....61.",
      "....e..."
    ]
  },
  {
    "id": "12",
    "name": "Thymol",
    "atoms": {
      "1": ["1", "e"],
      "2": ["2", "gdA"],
      "3": ["3", "dh"],
      "4": ["2", "acbf"],
      "5": ["1", "d"],
      "6": ["2", "egbf"],
      "7": ["1", "f"],
      "8": ["1", "c"],
      "9": ["1", "a"],
      "a": ["2", "afB"],
      "b": ["2", "gbC"],
      "c": ["1", "h"],
      "d": ["2", "acD"],
      "e": ["2", "ehB"],
      "f": ["2", "acgh"],
      "g": ["1", "g"],
      "h": ["1", "b"],
      "i": ["2", "aced"],
      "j": ["2", "ceD"]
    },
    "arena": [
      "..#####....###.",
      "..#.#1######2#.",
      ".##....#..3..#.",
      "##4....5#..5.#.",
      "#...#6.....#.#.",
      "#.7..#.8.1..##.",
      "##......#....#.",
      "#9#a....b#c.d#.",
      "#....#e.....##.",
      "###..f#.c...g##",
      "..#......#g...#",
      "..##..h..1#...#",
      "###...#...#####",
      "#..i..9#j.#....",
      "###########...."
    ],
    "molecule": [
      ".5....17",
      "..3.1.4g",
      "...edb..",
      "51.aj2..",
      "8f6.9.c.",
      ".hig....",
      "..9c...."
    ]
  },
  {
    "id": "13",
    "name": "Arginin",
    "atoms": {
      "1": ["2", "aceg"],
      "2": ["1", "d"],
      "3": ["1", "a"],
      "4": ["1", "b"],
      "5": ["2", "acf"],
      "6": ["4", "ebh"],
      "7": ["1", "f"],
      "8": ["1", "h"],
      "9": ["1", "e"],
      "a": ["2", "agC"],
      "b": ["4", "cfh"],
      "c": ["3", "D"],
      "d": ["4", "dA"],
      "e": ["2", "egB"],
      "f": ["3", "ad"]
    },
    "arena": [
      ".....######....",
      "...###.1.2#....",
      ".###.3..######.",
      "##4.5....6...#.",
      "#6#2#.7...##.##",
      "#...##...8#3..#",
      "#...9#.9#....a#",
      "##.....##3....#",
      ".#.1..b#1.#c.##",
      ".#d##..2..#..#.",
      ".#..#....#...#.",
      ".#....e.f..9##.",
      ".###..#.#####..",
      "...#8.#.#......",
      "...######......"
    ],
    "molecule": [
      ".....2.7.",
      "...9996..",
      ".2.5111ec",
      "2.6.333f.",
      ".ba.....8",
      "4.d......",
      "...8....."
    ]
  },
  {
    "id": "14",
    "name": "Oktan",
    "atoms": {
      "1": ["2", "bdfh"],
      "2": ["1", "h"],
      "3": ["1", "d"],
      "4": ["1", "f"],
      "5": ["1", "b"]
    },
    "arena": [
      "...############",
      "...#1..#.....1#",
      "...#..#2#.#2#.#",
      "####..........#",
      "#1..#3..#3.4#.#",
      "#...3#...#3.2.#",
      "#.#...1...#.#.#",
      "##2.........2##",
      "#.#.#...1...#.#",
      "#.2.3#...#3...#",
      "#.#..3#..3#..1#",
      "#..........####",
      "#.#2#.#2#..#...",
      "#15....#..1#...",
      "############..."
    ],
    "molecule": [
      ".......3.4",
      "......3.1.",
      ".....3.1.2",
      "....3.1.2.",
      "...3.1.2..",
      "..3.1.2...",
      ".3.1.2....",
      "3.1.2.....",
      ".1.2......",
      "5.2......."
    ]
  },
  {
    "id": "15",
    "name": "Kristall 3",
    "atoms": {
      "1": ["o", "eg"],
      "2": ["o", "cg"],
      "3": ["o", "ce"],
      "4": ["o", "ae"],
      "5": ["o", "ag"],
      "6": ["o", "ac"]
    },
    "arena": [
      ".....#.....",
      "....###....",
      "...#####...",
      "..#######..",
      ".##1223.##.",
      "##.2#4#2.##",
      ".##25246##.",
      "..#######..",
      "...#####...",
      "....###....",
      ".....#....."
    ],
    "molecule": [
      "32221",
      "4...4",
      "62225"
    ]
  },
  {
    "id": "16",
    "name": "Dekalin",
    "atoms": {
      "1": ["1", "e"],
      "2": ["1", "g"],
      "3": ["2", "abdf"],
      "4": ["1", "h"],
      "5": ["2", "egbh"],
      "6": ["1", "a"],
      "7": ["2", "ebdh"],
      "8": ["1", "c"],
      "9": ["1", "d"],
      "a": ["2", "adfh"],
      "b": ["2", "cebh"],
      "c": ["1", "f"],
      "d": ["2", "agdf"],
      "e": ["2", "aedf"],
      "f": ["2", "aebh"],
      "g": ["2", "acdf"],
      "h": ["1", "b"],
      "i": ["2", "ebfh"]
    },
    "arena": [
      "...#########.",
      "####1..#..2#.",
      "#.3...4..#.#.",
      "#1##.5#.#2.##",
      "#.6.....6...#",
      "##7.6#1..#.8#",
      "#.9....a.4..#",
      "#..9.b.#cd.##",
      "#e.....c..f.#",
      "##.g#8#..##.#",
      ".#.#.......h#",
      ".#..h#..i####",
      ".#########..."
    ],
    "molecule": [
      ".91.1c.",
      "9.a13.c",
      "85.f.b2",
      "8d.e.g2",
      "h.i67.4",
      ".h6.64."
    ]
  },
  {
    "id": "17",
    "name": "Dichlor-Diphenyl-Trichlorproethan",
    "atoms": {
      "1": ["2", "bdfh"],
      "2": ["2", "ehB"],
      "3": ["1", "c"],
      "4": ["1", "f"],
      "5": ["2", "gbC"],
      "6": ["2", "gdA"],
      "7": ["2", "acbf"],
      "8": ["2", "acD"],
      "9": ["1", "b"],
      "a": ["2", "acC"],
      "b": ["2", "ebD"],
      "c": ["2", "ceD"],
      "d": ["7", "h"],
      "e": ["2", "afB"],
      "f": ["2", "cfA"],
      "g": ["1", "e"],
      "h": ["1", "g"],
      "i": ["7", "f"],
      "j": ["7", "e"],
      "k": ["2", "agC"],
      "l": ["1", "a"],
      "m": ["7", "d"],
      "n": ["7", "g"]
    },
    "arena": [
      "#######...",
      "#.#1#2###.",
      "#345.6.7#.",
      "#89ab#..##",
      "#4#c9d#.e#",
      "####6f9.##",
      "...##ghi2#",
      "....##jk##",
      "....#lmn.#",
      "....######"
    ],
    "molecule": [
      "m.g.4...",
      ".285.ji.",
      ".ec6.7n.",
      "9.l.1..4",
      "...9.2b.",
      "....3kah",
      ".....f6.",
      "....9..d"
    ]
  },
  {
    "id": "18",
    "name": "Tryptophan",
    "atoms": {
      "1": ["4", "ebh"],
      "2": ["1", "a"],
      "3": ["2", "acC"],
      "4": ["2", "aceg"],
      "5": ["1", "d"],
      "6": ["1", "f"],
      "7": ["1", "c"],
      "8": ["1", "e"],
      "9": ["A", ""],
      "a": ["2", "ehB"],
      "b": ["2", "gdA"],
      "c": ["1", "b"],
      "d": ["3", "eh"],
      "e": ["2", "agC"],
      "f": ["1", "h"],
      "g": ["2", "cgC"],
      "h": ["3", "C"],
      "i": ["2", "dfA"],
      "j": ["2", "cfA"],
      "k": ["2", "ebD"]
    },
    "arena": [
      "...#######...",
      "...#1.#2.#...",
      "####34#..####",
      "#..#.#5#6#7.#",
      "##.5..8..9.##",
      "#..a.2..bc.d#",
      "#e..#f.g#.4.#",
      "#.#..#.#h.#b#",
      "#2.#i.#.1#j.#",
      "####..6..####",
      "..#..#.#..#..",
      "..#k..#..2#..",
      "..#########.."
    ],
    "molecule": [
      "5..6.5.6.",
      ".ak..81h.",
      "7e39g44b.",
      ".jb.i22.d",
      "c..1.f..2",
      "...2....."
    ]
  },
  {
    "id": "19",
    "name": "Indigo-Blau",
    "atoms": {
      "1": ["2", "ehB"],
      "2": ["1", "c"],
      "3": ["2", "gbC"],
      "4": ["1", "f"],
      "5": ["4", "cfh"],
      "6": ["2", "fhB"],
      "7": ["1", "d"],
      "8": ["2", "dfA"],
      "9": ["2", "gdA"],
      "a": ["3", "A"],
      "b": ["2", "egA"],
      "c": ["2", "agC"],
      "d": ["2", "ceA"],
      "e": ["1", "h"],
      "f": ["1", "b"],
      "g": ["2", "bhC"],
      "h": ["2", "afB"],
      "i": ["2", "cfA"],
      "j": ["1", "g"],
      "k": ["2", "acC"],
      "l": ["2", "adD"],
      "m": ["3", "C"],
      "n": ["2", "ebD"],
      "o": ["2", "chC"],
      "p": ["4", "gbd"],
      "q": ["2", "bdD"]
    },
    "arena": [
      "######..#####",
      "#1#2.####.3.#",
      "#4....#.#5.6#",
      "#..7.##8##..#",
      "##.9.4.a.4.##",
      "#b.#c##de..#.",
      "#.##f#.gh.i##",
      "#..#.....#.j#",
      "#kf..l#m.##.#",
      "###.####n.o.#",
      "#..p#..#f##.#",
      "#####..#.#q.#",
      ".......######"
    ],
    "molecule": [
      "7..4......",
      ".1n.4.m...",
      "2ckp..8..4",
      ".i9.6q.o3.",
      "f..g..5bdj",
      "...a.f.hl.",
      "......f..e"
    ]
  },
  {
    "id": "20",
    "name": "1,3,5-Trimethyl-Zyklohexan",
    "atoms": {
      "1": ["2", "cegh"],
      "2": ["2", "cegb"],
      "3": ["2", "acdf"],
      "4": ["1", "e"],
      "5": ["1", "d"],
      "6": ["2", "aceg"],
      "7": ["1", "f"],
      "8": ["1", "h"],
      "9": ["1", "a"],
      "a": ["2", "cedh"],
      "b": ["2", "agdf"],
      "c": ["1", "g"],
      "d": ["2", "aebh"],
      "e": ["1", "c"],
      "f": ["2", "egbf"],
      "g": ["1", "b"],
      "h": ["2", "bdfh"]
    },
    "arena": [
      "....#####....",
      "#####1.2#####",
      "#.........3.#",
      "#..4.....5..#",
      "#6...78.9...#",
      "#....a.7.b..#",
      "#.c.d.e.e.5.#",
      "#e...9.c....#",
      "#..........c#",
      "#.f...8.....#",
      "#..9........#",
      "#..g#####g.h#",
      "#####...#####"
    ],
    "molecule": [
      "..547..",
      ".5.d.7.",
      ".e162c.",
      ".eb93c.",
      "ef.h.ac",
      "g9g.898"
    ]
  },
  {
    "id": "21",
    "name": "Kristall 4",
    "atoms": {
      "1": ["o", "cfh"],
      "2": ["A", ""],
      "3": ["o", "h"],
      "4": ["o", "d"],
      "5": ["o", "b"],
      "6": ["C", ""],
      "7": ["o", "f"],
      "8": ["o", "ebh"],
      "9": ["o", "adf"],
      "a": ["o", "acegbdfh"],
      "b": ["o", "gbd"]
    },
    "arena": [
      "..#####..",
      "..#1.2#..",
      "####3####",
      "#4#535#6#",
      "#.47689a#",
      "#2#b34#.#",
      "####7####",
      "..#5.7#..",
      "..#####.."
    ],
    "molecule": [
      "..4.7..",
      "...8...",
      "4.467.7",
      ".12a2b.",
      "5.563.3",
      "...9...",
      "..5.3.."
    ]
  },
  {
    "id": "22",
    "name": "Zyklofruktose",
    "atoms": {
      "1": ["3", "ae"],
      "2": ["1", "e"],
      "3": ["1", "b"],
      "4": ["3", "gd"],
      "5": ["3", "ad"],
      "6": ["2", "bdfh"],
      "7": ["1", "f"],
      "8": ["1", "c"],
      "9": ["2", "aedf"],
      "a": ["3", "cg"],
      "b": ["3", "ag"],
      "c": ["2", "cgbd"],
      "d": ["1", "a"],
      "e": ["3", "af"],
      "f": ["2", "cefh"],
      "g": ["1", "g"],
      "h": ["1", "h"],
      "i": ["3", "gb"],
      "j": ["2", "cebh"]
    },
    "arena": [
      "##########.....",
      "#..1...2.#.....",
      "#.####.#.######",
      "#...3..4##5...#",
      "#.6.#...#7.#6.#",
      "###..8..9...#a#",
      "..#.##8.#.....#",
      "..###b...c#..7#",
      "..#....d.###.##",
      "###..2#...e.f#.",
      "#gh..##.i##.##.",
      "#..#j....##.h#.",
      "###########3.#.",
      "..........####."
    ],
    "molecule": [
      "..2.....",
      "..5.72..",
      "84.6.e7.",
      "..6.jcag",
      ".3.fb.h.",
      ".8i9....",
      "..31h...",
      "...d...."
    ]
  },
  {
    "id": "23",
    "name": "Sebacinsäure",
    "atoms": {
      "1": ["2", "cegf"],
      "2": ["2", "cegd"],
      "3": ["2", "bdfh"],
      "4": ["1", "d"],
      "5": ["1", "f"],
      "6": ["2", "adD"],
      "7": ["2", "afB"],
      "8": ["3", "B"],
      "9": ["1", "b"],
      "a": ["1", "h"],
      "b": ["3", "D"],
      "c": ["1", "a"],
      "d": ["2", "cbfh"],
      "e": ["3", "eb"],
      "f": ["3", "eh"],
      "g": ["2", "gbdh"]
    },
    "arena": [
      "..#########..",
      "..#.1#.#2.#..",
      "..#.#3.3#.#..",
      "###..4#5..###",
      "#6...###...7#",
      "#8...9#a...b#",
      "###.......###",
      "#.5.......4.#",
      "#9.........a#",
      "####c4#5c####",
      "..#de###fg#..",
      "..#..9#a..#..",
      "..#########.."
    ],
    "molecule": [
      "..5....4..",
      ".e......f.",
      "86.5..4.7b",
      "..3.54.3..",
      ".9.d12g.a.",
      "..99ccaa.."
    ]
  },
  {
    "id": "24",
    "name": "Lysin",
    "atoms": {
      "1": ["1", "c"],
      "2": ["2", "cgdh"],
      "3": ["1", "a"],
      "4": ["2", "cdfh"],
      "5": ["1", "g"],
      "6": ["2", "ehB"],
      "7": ["4", "bdh"],
      "8": ["1", "f"],
      "9": ["4", "egb"],
      "a": ["3", "D"],
      "b": ["3", "ae"],
      "c": ["1", "d"]
    },
    "arena": [
      "#############",
      "#.#..1.#2...#",
      "#3..1#.....##",
      "#..4.5..5#6.#",
      "#.#.1.#.....#",
      "#.....7.1.5.#",
      "##8.#5..#.#.#",
      "#..........9#",
      "#2.#2..#.a..#",
      "#....#1.b#..#",
      "##..5...3..##",
      "#...#..#.c.2#",
      "#############"
    ],
    "molecule": [
      "c.8......",
      ".7.......",
      ".125.....",
      "..125....",
      "...125...",
      "....125..",
      "......45.",
      "....19.6a",
      ".....3.b.",
      ".......3."
    ]
  },
  {
    "id": "25",
    "name": "Sulfonylamid",
    "atoms": {
      "1": ["A", ""],
      "2": ["2", "agC"],
      "3": ["1", "h"],
      "4": ["1", "d"],
      "5": ["2", "chC"],
      "6": ["4", "acf"],
      "7": ["1", "e"],
      "8": ["3", "B"],
      "9": ["4", "adf"],
      "a": ["2", "ehB"],
      "b": ["3", "D"],
      "c": ["5", "aeBD"],
      "d": ["2", "gdA"],
      "e": ["1", "g"],
      "f": ["2", "ceA"],
      "g": ["2", "bdD"],
      "h": ["1", "c"],
      "i": ["1", "b"]
    },
    "arena": [
      "#############",
      "#.1..2..3...#",
      "#........4.5#",
      "#..6...7....#",
      "#....8...9..#",
      "#..a...b....#",
      "#.c...#.d...#",
      "#...e.....f.#",
      "#.....g.....#",
      "#....h.....e#",
      "#..3.....i..#",
      "#...........#",
      "#############"
    ],
    "molecule": [
      "...7.",
      "4..6e",
      ".ag..",
      "h2.5e",
      ".f1d.",
      "8cb.3",
      ".9...",
      "i.3.."
    ]
  }
]}
